28.072,66.371,28.474,67.891,3.174,2.413,1.544,74.055,75.964
28.673,64.058,33.69,69.775,3.112,2.413,1.565,74.134,79.592
28.74,65.433,30.964,68.199,3.156,2.411,1.544,74.219,77.535
29.539,68.749,32.784,70.145,3.032,2.409,1.522,73.54,78.331
28.072,68.499,29.445,66.194,3.41,2.419,1.49,74.476,77.142
27.681,67.011,29.539,68.499,3.36,2.441,1.49,73.887,76.691
29.055,63.435,34.16,73.443,3.351,2.42,1.512,73.301,78.111
30.033,62.241,37.208,75.964,3.075,2.457,1.546,74.638,78.573
30.141,64.058,35.134,74.876,3.26,2.417,1.523,74.141,78.331
29.445,62.176,35.34,72.474,2.96,2.368,1.513,74.31,79.418
29.65,62.241,35.538,74.249,3.039,2.408,1.489,74.476,79.641
31.504,66.448,35.727,73.301,2.845,2.36,1.511,74.638,78.573
30.7,65.225,35.256,73.301,3.165,2.38,1.478,75.53,78.805
30.311,64.026,35.91,73.686,3.073,2.398,1.5,75.677,78.805
28.25,61.074,34.796,71.565,3.192,2.45,1.521,76.109,79.958
27.937,61.607,35.256,72.897,3.122,2.372,1.5,74.954,79.38
28.25,61.074,35.256,72.897,3.152,2.372,1.499,75.225,79.271
28.25,61.074,35.727,74.249,3.241,2.451,1.499,75.225,79.271
27.582,61.607,34.592,73.856,3.112,2.4,1.467,75.069,79.16
29.745,64.058,34.854,73.856,3.216,2.44,1.533,74.638,76.251
28.61,61.607,33.917,72.474,3.38,2.439,1.522,75.225,78.111
28.98,61.607,34.16,73.443,3.292,2.413,1.555,74.055,77.407
28.301,62.176,33.69,73.443,3.165,2.392,1.5,74.219,77.989
28.301,62.176,32.989,73.009,3.451,2.432,1.522,74.219,76.827
30.141,64.058,34.641,73.443,3.305,2.45,1.591,73.244,75.964
28.61,61.607,33.232,72.031,3.542,2.423,1.544,74.539,77.093
29.65,63.435,32.989,73.009,3.451,2.45,1.543,74.381,76.792
28.61,61.607,33.232,72.031,3.388,2.378,1.543,74.694,77.221
28.301,61.607,33.917,70.641,3.111,2.429,1.577,74.539,78.35
29.65,62.241,34.38,72.474,3.336,2.385,1.578,75.107,77.221
30.033,64.654,32.347,69.274,3.388,2.432,1.522,75.53,77.221
30.7,62.85,35.34,73.856,3.249,2.413,1.568,73.974,77.905
29.65,60.422,34.919,76.329,3.35,2.413,1.591,73.072,77.661
30.033,62.241,35.34,73.856,3.123,2.413,1.568,74.381,77.093
30.964,63.435,35.256,71.996,3.118,2.364,1.555,76.39,77.221
28.25,59.265,33.917,71.114,3.331,2.421,1.577,76.691,78.69
30.7,62.241,35.34,74.249,3.556,2.45,1.614,73.578,77.347
28.843,61.189,35.446,73.301,3.373,2.377,1.552,76.103,78.024
29.932,62.241,33.917,72.897,3.11,2.462,1.544,73.74,77.347
29.836,61.189,34.992,71.147,3.152,2.461,1.608,76.239,77.593
29.476,61.189,34.346,71.996,3.152,2.39,1.574,75.689,77.712
28.909,60.422,33.69,73.856,3.11,2.443,1.566,73.578,77.905
30.466,62.301,34.346,72.408,3.238,2.404,1.511,76.661,78.024
30.033,63.435,34.38,72.474,3.164,2.459,1.555,75.677,76.661
30.203,62.301,34.346,70.71,3.113,2.405,1.522,76.39,77.905
30.311,62.85,34.136,70.253,3.289,2.46,1.577,76.961,77.221
29.932,62.85,34.592,72.897,3.247,2.411,1.521,76.251,77.221
29.932,62.85,35.256,73.301,3.389,2.439,1.522,76.961,77.221
29.932,62.85,35.256,73.301,3.24,2.459,1.521,76.39,77.221
30.311,64.026,34.796,71.996,3.24,2.46,1.521,76.827,76.661
29.932,62.85,34.592,72.897,3.239,2.441,1.521,76.691,77.093
30.033,63.435,34.854,73.856,3.249,2.439,1.511,74.954,76.961
29.358,62.819,34.16,73.443,3.258,2.439,1.511,75.379,76.39
29.358,61.607,34.16,72.031,3.441,2.44,1.545,75.225,76.961
28.909,62.241,33.69,71.565,3.634,2.41,1.489,76.109,78.232
28.551,61.699,34.346,71.565,3.107,2.48,1.488,76.109,78.232
27.86,59.47,35.446,73.301,3.272,2.452,1.531,75.53,79.028
28.496,60.101,36.552,74.982,3.232,2.37,1.531,74.846,78.14
28.78,61.783,35.362,72.801,3.49,2.461,1.469,76.103,78.799
29.124,62.301,35.362,73.179,3.45,2.388,1.49,75.689,78.14
28.664,60.832,36.724,75.069,2.479,2.471,1.45,75.285,79.992
28.393,61.294,34.875,71.175,2.955,2.401,1.471,75.285,80.628
30.606,64.486,34.077,67.751,2.866,2.436,1.5,75.174,80.181
32.082,67.751,34.472,67.751,3.398,2.375,1.53,74.65,79.114
31.701,67.286,32.905,67.286,3.305,2.4,1.5,75.564,79.011
31.608,69.444,30.005,62.879,3.44,2.491,1.501,76.633,77.712
33.056,71.147,29.745,62.301,3.36,2.471,1.51,77.171,76.633
33.486,70.346,29.396,62.879,3.441,2.445,1.5,77.712,76.759
32.869,68.682,29.124,62.301,3.438,2.4,1.53,76.921,77.047
33.275,72.408,29.055,62.879,3.269,2.444,1.47,77.712,75.964
34.931,71.966,29.659,61.294,3.438,2.49,1.51,78.799,75.564
33.085,67.964,30.358,63.435,3.344,2.4,1.489,77.593,77.171
33.085,68.875,31.562,63.435,3.346,2.4,1.489,77.471,77.171
33.486,68.429,31.931,63.97,3.44,2.444,1.521,77.047,77.171
33.486,68.429,31.931,63.97,3.185,2.472,1.521,77.047,77.712
33.69,67.751,31.329,63.435,3.481,2.445,1.5,77.471,77.293
32.869,69.146,29.745,62.301,3.309,2.426,1.49,77.905,76.504
33.896,69.146,30.719,63.435,3.267,2.472,1.5,78.024,76.097
33.275,69.146,29.745,61.189,3.74,2.407,1.521,78.579,76.759
33.486,69.59,30.358,62.879,3.438,2.445,1.49,78.14,76.357
34.095,69.59,29.745,62.879,3.582,2.382,1.53,78.254,77.005
30.838,66.975,28.78,61.699,3.52,2.426,1.48,78.024,77.829
30.838,66.297,30.358,62.301,3.52,2.382,1.53,77.471,78.366
32.082,67.964,30.719,65.136,3.584,2.426,1.48,76.921,77.829
31.849,68.682,30.358,63.997,3.739,2.382,1.48,77.593,77.293
31.849,67.479,30.101,63.435,3.308,2.375,1.531,76.504,77.412
31.088,66.297,29.745,63.435,3.52,2.418,1.52,77.047,78.056
33.085,69.59,30.606,63.435,3.346,2.4,1.5,77.829,77.53
32.082,67.964,29.745,63.435,3.784,2.4,1.52,77.593,77.53
32.082,69.146,30.964,65.659,3.583,2.418,1.471,77.293,77.005
31.464,67.964,30.005,62.301,3.667,2.454,1.52,77.171,77.005
31.088,69.146,29.659,63.435,3.52,2.418,1.442,77.593,77.412
31.088,70.346,29.659,64.592,3.48,2.393,1.434,77.047,77.005
32.082,69.146,30.005,63.997,3.625,2.418,1.471,77.171,77.53
31.088,67.964,30.964,65.136,3.625,2.375,1.47,76.633,77.943
29.745,65.772,29.055,63.435,3.597,2.393,1.462,76.921,78.254
29.124,65.772,29.659,63.435,3.75,2.393,1.442,76.921,78.14
29.476,66.975,29.32,62.301,3.747,2.418,1.442,77.347,78.14
28.443,64.592,28.393,61.699,3.72,2.393,1.434,77.905,78.69
28.496,64.026,28.113,59.931,3.83,2.392,1.49,77.347,78.799
27.824,62.85,28.72,61.699,3.717,2.393,1.461,77.347,79.242
27.525,63.435,28.113,61.074,3.996,2.357,1.461,77.661,79.242
29.476,65.772,28.72,60.573,3.788,2.418,1.49,77.905,78.254
28.496,66.448,28.72,62.85,3.75,2.334,1.434,77.347,78.14
28.843,66.448,28.72,61.699,3.6,2.462,1.461,77.471,78.254
28.843,66.448,28.72,61.699,3.6,2.399,1.442,77.784,78.024
28.78,64.592,29.659,63.435,3.637,2.411,1.442,76.373,78.799
28.843,65.225,29.396,62.85,3.557,2.392,1.471,75.689,78.799
25.278,60.945,28.113,60.422,3.719,2.401,1.481,77.347,80.446
28.496,64.026,29.745,64.026,3.866,2.4,1.471,76.792,78.69
29.476,66.975,29.659,63.435,3.557,2.417,1.462,77.047,78.366
27.86,64.026,29.055,61.074,3.789,2.4,1.471,76.661,79.796
29.124,64.592,30.005,63.435,3.747,2.333,1.471,76.921,78.906
28.843,64.026,30.358,63.435,3.696,2.393,1.48,75.964,78.799
28.496,65.225,30.005,64.592,3.856,2.436,1.462,75.828,78.799
28.78,63.997,31.931,66.297,3.55,2.334,1.49,75.964,79.448
29.745,65.136,30.964,65.136,3.705,2.437,1.471,75.964,79.011
29.396,63.997,30.964,65.136,3.459,2.436,1.49,75.964,79.548
30.101,66.297,31.562,65.659,3.664,2.411,1.49,76.097,77.829
30.719,65.136,31.329,65.659,3.257,2.437,1.52,75.964,78.476
31.701,67.286,33.294,68.429,3.539,2.41,1.5,75.174,77.53
30.358,66.161,33.495,68.429,3.337,2.462,1.47,75.174,79.647
31.931,66.644,33.294,68.429,3.437,2.416,1.48,76.921,79.548
31.931,67.109,34.875,70.017,3.14,2.364,1.499,75.564,79.548
31.329,63.97,35.707,70.427,3.03,2.408,1.542,75.174,80.181
32.307,67.109,35.87,70.427,2.993,2.4,1.509,75.311,78.69
31.931,65.556,35.707,71.565,2.993,2.4,1.51,74.65,79.114
31.329,65.556,34.472,67.751,3.221,2.418,1.509,75.7,79.114
30.719,65.056,33.887,67.286,3.623,2.418,1.509,75.564,79.011
30.606,65.556,34.077,68.875,3.258,2.418,1.47,75.833,79.743
30.606,64.486,33.495,67.286,3.413,2.393,1.499,75.564,79.743
30.606,63.97,33.887,68.875,3.376,2.351,1.52,75.174,79.743
29.396,63.435,32.905,66.801,3.288,2.455,1.519,75.564,79.114
29.396,63.97,33.495,66.801,3.55,2.393,1.518,75.7,79.743
29.745,63.997,32.905,67.286,3.377,2.455,1.5,75.7,78.584
30.005,66.161,32.735,67.286,3.414,2.436,1.461,76.228,79.114
30.719,65.659,32.525,66.161,3.383,2.435,1.54,76.097,78.69
30.101,65.136,32.905,67.286,3.624,2.454,1.52,75.7,77.943
31.088,66.801,33.495,67.751,3.439,2.393,1.52,75.7,78.056
30.719,67.286,33.111,67.286,3.478,2.418,1.49,76.097,78.584
28.78,62.879,32.692,67.479,3.813,2.436,1.5,74.89,79.548
30.005,64.537,32.525,67.286,3.696,2.334,1.49,76.097,79.647
29.745,62.879,33.085,67.964,3.623,2.375,1.531,74.89,79.548
30.005,63.97,33.887,68.429,3.376,2.393,1.519,75.564,79.114
30.964,65.056,33.294,68.429,3.22,2.41,1.52,75.174,78.69
29.745,63.435,33.69,67.964,3.47,2.436,1.53,75.033,79.114
30.358,65.056,33.495,67.286,3.258,2.454,1.499,75.7,78.584
30.358,64.537,32.525,66.161,3.558,2.35,1.5,75.564,79.548
31.931,65.556,34.472,68.199,3.221,2.418,1.531,75.7,79.216
32.307,66.644,33.887,67.751,3.07,2.375,1.531,75.033,79.216
30.719,64.537,33.887,67.751,3.101,2.373,1.532,75.174,79.548
30.606,64.486,34.472,68.875,3.033,2.418,1.5,75.7,79.743
31.562,64.486,34.472,68.199,3.251,2.334,1.531,75.833,79.743
30.606,63.97,33.887,68.875,3.136,2.436,1.52,75.033,79.647
30.606,65.556,34.651,69.305,3.029,2.369,1.491,75.311,79.216
30.358,65.056,33.495,67.286,3.258,2.434,1.519,75.7,79.114
30.964,65.056,33.495,67.751,3.383,2.411,1.52,75.7,78.69
30.256,63.97,33.111,67.751,3.332,2.411,1.49,75.7,79.743
30.005,65.056,32.525,66.801,3.287,2.384,1.51,75.174,79.315
29.396,63.435,32.525,65.659,3.598,2.412,1.519,75.564,79.743
29.396,62.879,32.307,66.801,3.414,2.411,1.54,75.033,79.647
28.443,62.879,31.562,65.136,3.369,2.386,1.509,75.426,79.548
29.396,63.997,31.201,64.537,3.369,2.369,1.49,76.633,79.114
28.78,62.879,31.562,63.997,3.498,2.386,1.559,76.097,79.114
29.396,63.997,30.606,63.997,3.789,2.386,1.49,75.964,79.114
28.78,63.997,31.329,65.772,3.549,2.409,1.509,75.426,79.114
28.443,61.189,31.329,65.136,3.498,2.386,1.54,75.564,79.548
28.443,62.879,31.562,65.136,3.779,2.385,1.51,75.564,79.743
29.055,62.879,30.606,63.997,3.536,2.446,1.49,75.964,79.011
28.78,63.997,31.562,65.136,3.598,2.386,1.49,75.426,79.011
29.745,63.997,30.964,63.997,3.597,2.429,1.52,75.964,78.584
29.396,63.997,30.964,65.136,3.597,2.411,1.511,75.426,79.647
29.745,64.537,32.307,66.297,3.517,2.437,1.539,75.426,79.216
28.443,61.783,31.931,65.136,3.629,2.411,1.5,75.426,80.087
27.824,62.301,30.964,64.592,3.779,2.411,1.49,75.285,79.992
27.824,63.435,30.964,65.772,3.598,2.386,1.462,74.745,79.448
28.443,62.879,31.931,66.297,3.738,2.393,1.51,75.964,79.548
29.055,64.537,30.964,65.772,3.737,2.375,1.48,75.964,80.181
28.156,63.435,30.964,64.592,3.738,2.392,1.471,75.828,79.346
27.824,62.301,30.964,64.592,3.779,2.411,1.49,75.285,79.992
29.476,65.136,31.701,65.772,3.477,2.375,1.48,75.141,78.906
30.964,64.537,30.964,64.537,3.459,2.436,1.501,76.373,79.011
29.476,66.297,30.358,64.026,3.257,2.357,1.47,76.792,78.366
30.358,65.659,31.931,66.801,3.382,2.357,1.47,76.504,79.011
30.964,65.056,32.525,66.161,3.294,2.418,1.52,76.097,79.647
29.055,64.537,32.525,67.964,3.171,2.418,1.481,75.426,80.087
30.005,63.435,32.905,67.286,3.288,2.392,1.541,75.7,79.647
29.124,66.297,31.201,65.136,3.421,2.437,1.462,75.426,79.448
28.443,62.879,30.964,64.592,3.789,2.436,1.49,75.964,80.087
27.824,63.435,30.606,64.592,3.498,2.369,1.481,75.964,79.448
29.396,65.136,29.659,63.435,3.64,2.428,1.462,76.373,78.476
27.824,62.85,29.745,65.225,3.747,2.435,1.462,75.285,79.895
28.156,64.592,30.358,65.225,4.042,2.35,1.481,75.285,79.448
27.86,64.026,30.005,62.85,3.91,2.411,1.509,75.689,78.799
27.824,63.435,30.358,65.225,3.899,2.438,1.462,75.141,79.992
28.78,64.592,30.358,65.772,3.696,2.381,1.481,75.822,79.592
29.476,66.297,30.964,64.592,3.823,2.375,1.49,75.548,78.579
29.476,65.772,30.358,64.592,3.664,2.375,1.491,75.828,78.799
28.496,65.225,29.396,64.026,3.696,2.357,1.462,76.792,78.69
28.78,64.592,30.719,66.975,3.664,2.375,1.462,75.285,79.448
29.745,66.297,31.562,66.801,3.376,2.418,1.462,75.964,78.906
29.124,64.592,30.358,64.592,3.866,2.374,1.49,75.828,79.346
28.156,62.85,30.358,64.592,3.46,2.358,1.49,76.239,79.796
29.476,66.975,29.659,63.435,3.421,2.482,1.461,76.921,77.829
29.124,64.592,29.396,62.85,3.597,2.418,1.49,76.373,79.448
29.396,65.136,30.358,65.772,3.557,2.392,1.462,75.285,79.548
25.615,60.422,28.78,62.819,3.821,2.4,1.462,75.964,80.819
25.278,60.945,27.198,60.255,3.83,2.445,1.462,76.39,80.256
26.565,61.607,26.878,59.744,3.862,2.375,1.462,76.39,80.256
25.615,60.945,25.641,57.848,4.127,2.381,1.415,77.989,80.727
25.925,63.435,25.641,59.036,4.04,2.399,1.389,77.276,79.271
25.925,64.058,26.259,59.036,4.04,2.399,1.388,77.407,79.487
29.745,66.801,31.787,65.659,3.558,2.426,1.462,76.504,80.087
31.088,66.801,31.931,65.659,3.477,2.381,1.521,76.097,79.647
30.358,65.659,31.562,65.659,3.549,2.358,1.49,76.097,80.181
30.466,66.801,30.964,63.435,3.382,2.358,1.519,76.373,79.011
29.124,64.592,30.358,64.592,3.549,2.375,1.471,75.828,79.346
27.525,64.026,29.659,62.85,3.779,2.339,1.462,76.792,80.446
26.565,63.435,27.499,60.945,3.82,2.401,1.415,77.093,79.796
27.824,62.85,29.396,64.026,3.953,2.4,1.501,76.373,80.628
25.313,60.422,27.499,60.945,3.748,2.382,1.454,77.093,81.469
27.216,63.435,27.824,59.744,3.637,2.389,1.451,76.551,80.633
28.156,65.225,28.443,63.435,4.087,2.34,1.435,76.527,79.796
28.156,65.225,27.499,61.607,4.132,2.4,1.434,76.961,79.242
28.202,65.898,26.878,59.744,3.747,2.357,1.423,77.407,77.905
29.124,64.592,28.443,61.074,4.137,2.4,1.47,77.535,78.69
30.358,66.801,29.32,62.301,3.5,2.419,1.481,77.905,78.476
29.745,66.801,30.256,63.435,3.597,2.357,1.461,77.471,79.011
29.124,65.772,28.72,61.699,3.64,2.393,1.443,77.221,78.366
27.198,62.85,29.055,62.241,4.178,2.375,1.461,76.661,79.796
28.78,65.772,28.72,62.85,3.957,2.375,1.434,77.347,78.906
28.78,63.435,30.358,64.592,3.597,2.418,1.471,76.239,79.448
28.443,63.997,30.847,63.997,3.529,2.419,1.461,77.471,79.548
29.124,65.136,30.606,63.435,3.597,2.419,1.489,76.921,79.011
29.124,65.136,31.562,65.136,3.421,2.418,1.49,76.504,79.011
29.745,66.801,30.847,63.997,3.331,2.418,1.442,77.047,79.011
29.124,65.136,30.964,64.592,3.421,2.376,1.49,76.373,78.906
31.701,67.286,32.152,65.056,3.257,2.418,1.5,76.633,78.69
30.719,66.801,31.562,65.659,3.141,2.418,1.47,76.633,78.584
30.719,66.801,31.562,65.659,3.382,2.418,1.49,76.504,78.584
29.745,65.136,30.964,65.136,3.421,2.375,1.471,75.828,79.448
31.088,66.801,30.964,63.997,3.257,2.357,1.5,76.373,78.906
29.745,65.136,30.606,63.997,3.459,2.4,1.471,77.047,79.548
29.476,65.136,31.931,65.136,3.518,2.418,1.479,76.504,78.476
30.719,65.659,31.931,65.659,3.382,2.375,1.5,75.828,78.906
30.719,66.801,30.964,65.136,3.52,2.357,1.471,76.373,78.906
30.719,67.964,31.201,65.659,3.517,2.357,1.462,76.373,78.906
31.329,67.286,31.201,64.537,3.705,2.375,1.49,76.504,79.011
31.088,66.161,31.931,63.997,3.382,2.358,1.53,76.373,79.011
31.701,68.429,32.152,66.161,3.346,2.339,1.491,76.504,79.011
31.088,66.801,31.562,64.537,3.517,2.401,1.5,76.373,79.011
29.745,65.659,32.152,65.659,3.558,2.357,1.49,75.964,79.992
31.329,67.286,32.152,66.161,3.382,2.358,1.471,75.964,79.548
30.719,65.659,31.562,64.537,3.421,2.401,1.52,76.373,79.548
31.329,66.161,32.525,66.161,3.257,2.357,1.5,75.964,79.548
30.964,66.161,31.787,65.056,3.459,2.375,1.471,76.633,79.647
30.101,65.659,32.525,65.659,3.51,2.418,1.499,75.964,79.011
30.964,67.286,31.787,66.161,3.421,2.375,1.443,75.964,79.548
30.101,65.659,32.525,65.659,3.51,2.358,1.499,76.373,78.799
29.745,64.537,32.525,65.659,3.295,2.357,1.519,76.504,79.548
30.719,66.801,31.931,66.801,3.622,2.345,1.471,76.239,79.796
30.101,66.801,32.307,67.479,3.571,2.319,1.47,75.548,79.242
29.055,65.056,32.735,66.801,3.097,2.339,1.442,75.964,81.085
31.201,65.556,34.077,69.305,3.142,2.357,1.492,75.174,80.803
31.329,66.644,34.077,67.751,3.337,2.338,1.52,75.7,80.272
30.101,65.659,32.525,65.659,3.518,2.357,1.52,75.964,79.548
30.101,65.659,31.931,65.136,3.509,2.398,1.5,75.964,79.647
29.124,65.136,32.905,67.964,3.479,2.358,1.49,75.564,79.647
29.745,63.997,31.931,65.659,3.558,2.373,1.521,75.426,80.087
28.78,63.997,31.931,66.297,3.288,2.374,1.471,75.828,79.548
28.78,62.879,31.931,65.136,3.738,2.334,1.48,75.828,79.992
28.78,65.136,31.931,67.479,3.376,2.392,1.442,74.745,79.548
28.78,65.136,31.931,67.479,3.518,2.398,1.442,75.426,80.087
29.396,65.136,30.606,65.136,4.281,2.374,1.462,75.828,80.181
29.055,63.435,31.931,66.297,3.597,2.417,1.451,75.689,80.087
27.824,62.85,30.005,64.592,3.954,2.356,1.462,76.239,80.538
27.824,63.435,31.201,65.136,3.492,2.437,1.462,75.285,80.538
29.396,63.997,32.307,67.964,3.664,2.356,1.49,75.426,80.181
29.396,65.659,32.152,66.801,3.706,2.418,1.462,75.564,80.181
28.156,62.301,32.307,66.297,3.551,2.392,1.5,74.745,79.992
29.124,65.136,32.152,65.659,3.559,2.395,1.471,75.285,79.548
29.124,65.136,32.525,66.801,3.259,2.418,1.49,74.89,79.992
29.396,64.537,32.525,66.801,3.421,2.418,1.47,74.89,80.628
29.745,65.136,31.201,64.537,3.598,2.394,1.491,75.689,79.448
28.78,64.537,32.525,66.297,3.558,2.358,1.49,75.689,79.992
29.745,65.659,33.111,67.286,3.384,2.358,1.47,75.828,79.448
29.124,65.136,32.525,66.801,3.64,2.418,1.491,75.426,79.448
28.496,64.592,31.562,65.136,3.551,2.352,1.49,75.426,79.548
30.719,66.801,32.152,66.161,3.383,2.375,1.491,76.097,79.011
30.005,64.537,32.307,67.964,3.654,2.436,1.471,74.89,79.647
28.496,63.435,31.329,64.592,3.414,2.436,1.52,75.426,79.548
29.745,65.659,32.525,66.801,3.518,2.392,1.47,75.426,79.114
29.124,65.136,31.931,66.297,3.518,2.434,1.471,75.426,79.011
30.719,66.801,32.525,67.286,3.337,2.391,1.452,75.426,78.476
29.745,65.136,32.307,67.964,3.478,2.351,1.491,74.89,79.011
29.396,63.997,31.931,66.801,3.421,2.375,1.472,75.285,79.992
28.496,65.772,30.606,64.592,3.288,2.384,1.462,76.103,79.992
28.843,64.592,31.701,65.772,3.478,2.34,1.5,74.995,79.895
29.745,64.537,32.525,65.659,3.421,2.376,1.5,75.285,80.087
28.78,65.136,32.152,66.801,3.559,2.357,1.442,75.828,79.895
29.396,65.659,31.787,65.659,3.46,2.401,1.442,76.373,80.087
29.124,65.136,31.562,65.136,3.288,2.376,1.471,75.141,79.992
29.745,64.537,32.525,65.659,3.414,2.358,1.5,75.689,79.992
29.745,65.659,32.152,65.659,3.55,2.351,1.471,75.426,79.548
30.101,65.659,33.111,66.161,3.384,2.376,1.5,75.426,79.548
29.124,63.997,32.307,66.297,3.51,2.392,1.5,74.745,79.548
28.78,63.997,32.525,66.801,3.559,2.375,1.471,75.426,80.181
29.745,65.659,32.525,66.801,3.51,2.419,1.471,75.426,79.647
29.476,65.136,32.905,66.801,3.615,2.392,1.501,74.358,79.548
29.745,65.659,32.905,67.964,3.478,2.401,1.472,74.89,80.181
30.101,66.801,32.525,66.801,3.47,2.352,1.471,74.89,79.114
29.745,66.801,31.562,66.297,3.664,2.393,1.442,75.426,79.114
29.396,64.537,33.111,67.286,3.415,2.399,1.471,75.564,80.716
29.745,65.659,32.525,66.801,3.518,2.394,1.471,75.426,79.114
28.78,64.592,31.329,67.479,3.655,2.316,1.443,75.285,79.992
29.745,65.659,32.735,66.161,3.422,2.376,1.49,76.097,79.647
29.476,66.297,31.562,65.136,3.518,2.436,1.471,75.426,79.011
29.124,66.297,31.201,65.136,3.558,2.394,1.462,75.964,79.114
28.496,65.772,31.562,66.297,3.511,2.462,1.481,75.7,79.743
27.216,63.435,30.101,64.654,3.51,2.393,1.53,75.174,79.743
26.565,62.819,30.203,66.615,3.726,2.437,1.529,74.129,79.838
24.326,61.504,28.843,67.38,3.511,2.428,1.465,73.761,80.451
24.261,64.799,28.496,67.38,3.575,2.357,1.455,74.597,79.548
23.962,60.803,29.197,67.38,3.942,2.428,1.528,74.419,79.413
24.624,61.504,29.197,67.38,3.615,2.462,1.491,74.419,78.275
24.624,61.504,29.197,67.38,3.781,2.448,1.51,74.275,78.896
26.896,65.323,30.579,69.274,3.31,2.453,1.52,73.909,78.486
28.909,65.898,30.579,67.166,3.606,2.482,1.56,74.56,78.486
30.311,70.253,30.466,66.448,3.728,2.463,1.511,75.069,77.869
29.275,66.448,30.838,64.654,3.649,2.445,1.571,74.792,79.315
29.932,67.694,29.476,63.435,3.86,2.501,1.54,76.228,76.729
27.86,64.654,29.124,64.654,3.664,2.429,1.5,75.564,78.166
29.56,67.694,29.745,64.026,3.736,2.412,1.511,75.564,77.758
28.202,65.898,29.836,67.166,3.682,2.411,1.482,74.358,78.056
28.843,66.975,30.719,66.448,3.736,2.455,1.481,75.033,78.275
27.86,65.225,31.088,67.694,3.43,2.453,1.481,74.505,78.69
27.553,65.898,30.101,65.898,3.726,2.412,1.482,73.98,79.216
28.843,66.975,30.964,65.772,3.623,2.428,1.5,75.174,78.381
27.525,65.225,30.606,65.772,3.707,2.385,1.473,74.792,79.838
27.553,67.166,30.719,67.694,3.541,2.429,1.51,74.419,78.381
27.198,65.225,30.358,67.694,3.664,2.405,1.464,74.275,79.509
28.202,68.962,31.201,67.479,3.441,2.42,1.482,74.419,77.758
27.553,66.448,31.931,66.975,3.584,2.387,1.499,74.129,78.794
27.897,67.694,32.307,68.199,3.643,2.427,1.518,73.761,78.381
27.553,67.166,30.964,66.975,3.74,2.49,1.473,74.275,78.275
27.216,65.898,30.005,65.225,3.519,2.43,1.509,75.311,78.896
26.565,65.323,29.745,65.898,3.624,2.37,1.491,74.65,79.315
28.202,67.694,30.719,67.694,4.044,2.448,1.473,73.761,78.486
28.202,66.448,31.329,66.975,3.727,2.403,1.5,74.419,78.486
28.202,67.694,31.329,68.199,4.046,2.429,1.51,74.56,78.381
27.86,66.448,31.931,68.682,3.584,2.49,1.51,74.56,78.486
27.216,65.898,30.358,66.448,4.141,2.412,1.491,75.311,78.896
27.525,65.225,31.931,68.682,3.626,2.454,1.491,75.069,79.509
28.551,67.694,31.329,66.975,3.862,2.41,1.5,74.792,78.381
28.551,68.962,31.329,68.199,3.817,2.383,1.453,75.285,78.366
27.897,65.898,31.088,66.448,3.541,2.418,1.529,75.033,78.69
28.551,67.694,31.329,66.975,4.032,2.41,1.501,74.792,78.275
28.551,67.694,31.088,67.694,3.65,2.392,1.519,74.65,78.275
28.202,66.448,31.701,68.199,3.541,2.453,1.501,74.275,78.794
28.202,68.962,30.606,66.975,4.093,2.41,1.464,75.033,78.166
26.896,66.615,30.358,66.448,3.909,2.453,1.509,75.174,78.056
26.896,66.615,30.101,67.166,4.046,2.428,1.472,73.98,78.166
28.551,67.694,31.701,68.199,3.817,2.456,1.5,74.275,78.381
28.202,65.225,31.701,66.975,3.727,2.385,1.529,74.419,78.896
28.843,65.772,31.701,66.975,3.906,2.386,1.529,74.792,78.486
27.897,67.694,30.719,65.898,3.861,2.43,1.518,73.98,78.275
28.202,67.694,31.329,68.199,3.862,2.43,1.472,74.275,78.381
28.843,68.199,30.964,66.975,3.894,2.429,1.509,74.792,78.381
28.909,67.694,32.082,68.199,3.597,2.411,1.53,74.275,77.978
28.202,67.694,31.329,68.199,3.862,2.429,1.491,74.275,78.486
27.86,65.225,32.307,68.682,4.095,2.428,1.519,74.419,78.896
28.202,66.448,31.701,68.199,4.046,2.428,1.5,74.419,78.486
27.897,67.166,31.701,68.199,3.807,2.455,1.5,74.129,78.275
27.86,66.448,32.307,69.905,3.864,2.455,1.473,73.61,79.315
28.202,66.448,32.082,69.444,3.641,2.41,1.501,73.61,78.794
26.565,65.898,31.562,66.975,3.775,2.409,1.471,74.129,79.743
27.553,66.448,31.701,67.694,3.85,2.393,1.519,74.129,79.315
27.216,64.654,31.701,68.199,3.433,2.435,1.52,74.65,79.413
27.897,68.459,31.329,68.199,4,2.453,1.491,74.275,78.166
27.553,66.448,31.931,66.975,3.897,2.429,1.519,74.275,78.896
27.86,65.225,31.701,68.199,3.738,2.448,1.501,73.761,78.896
27.553,67.694,32.307,69.444,3.807,2.428,1.49,73.909,78.381
27.897,67.166,30.719,66.448,3.85,2.394,1.539,74.792,78.996
26.896,65.898,31.701,67.694,3.852,2.409,1.499,74.129,78.794
27.525,64.026,32.082,69.444,3.895,2.429,1.501,73.761,79.509
26.887,64.026,32.307,68.199,3.942,2.427,1.538,74.56,79.603
27.553,66.448,32.692,69.444,3.643,2.427,1.519,73.909,78.486
28.202,66.448,32.307,68.682,4.048,2.473,1.539,74.419,78.486
27.553,65.225,32.307,66.975,3.575,2.447,1.547,74.419,78.486
27.216,64.654,31.329,66.975,3.942,2.429,1.519,74.792,78.896
26.887,62.85,32.307,66.975,3.798,2.445,1.549,73.761,80.022
27.553,65.898,32.307,68.682,3.699,2.429,1.538,74.419,78.381
27.553,66.448,31.931,66.975,3.897,2.429,1.519,74.419,78.996
27.216,66.448,31.931,68.199,3.897,2.447,1.49,73.909,78.996
26.887,63.435,32.082,69.444,3.729,2.429,1.52,73.909,79.509
28.202,65.225,32.692,68.682,3.686,2.427,1.55,74.055,79.095
27.86,64.592,32.307,66.975,3.941,2.41,1.547,74.932,79.509
27.216,63.435,32.692,68.682,3.577,2.47,1.55,74.419,78.896
27.216,63.435,31.464,67.694,3.907,2.429,1.53,73.61,79.413
27.553,65.225,32.692,68.199,3.852,2.429,1.529,73.909,78.996
26.896,64.654,32.082,67.694,3.686,2.429,1.569,73.761,78.896
26.896,64.654,32.307,66.975,3.586,2.427,1.528,74.419,78.896
27.216,65.225,32.307,68.199,3.433,2.49,1.538,73.909,78.896
26.565,63.435,32.692,68.199,3.435,2.489,1.548,73.909,78.896
27.86,64.592,33.294,68.682,3.74,2.446,1.548,73.909,78.896
27.86,66.975,32.905,69.905,3.686,2.43,1.509,73.909,79.095
27.86,65.225,31.701,68.199,3.895,2.402,1.52,73.761,78.996
27.553,65.225,32.307,66.975,3.897,2.429,1.549,74.419,78.996
27.897,66.448,33.294,68.682,3.494,2.416,1.529,74.65,78.69
27.553,65.225,33.294,68.682,3.395,2.416,1.529,73.98,79.647
27.553,66.448,33.294,69.905,3.355,2.398,1.499,73.98,79.647
28.551,68.199,32.905,68.682,3.643,2.374,1.499,73.828,79.216
26.896,65.898,32.307,68.199,3.688,2.394,1.499,73.828,79.011
28.202,65.772,33.69,69.905,3.353,2.416,1.529,73.828,79.114
27.553,66.448,32.905,68.682,3.265,2.376,1.48,74.505,79.114
27.897,66.448,32.692,68.199,3.643,2.416,1.529,73.98,79.216
27.553,66.448,33.294,69.905,3.645,2.417,1.499,73.828,79.114
27.216,65.225,33.887,70.346,3.538,2.373,1.499,73.98,79.548
27.86,66.975,32.905,69.905,3.533,2.419,1.454,73.98,79.743
27.553,67.694,32.307,69.444,3.492,2.373,1.452,73.673,79.011
27.216,65.225,32.307,68.199,3.729,2.376,1.499,74.358,79.647
26.232,65.323,30.719,65.898,3.712,2.391,1.499,74.208,79.011
26.896,65.898,32.307,68.199,3.536,2.416,1.499,73.98,79.647
26.896,65.898,31.931,66.975,3.435,2.417,1.499,74.358,79.647
27.216,64.026,33.294,68.682,3.443,2.391,1.548,73.98,79.647
27.553,66.448,32.307,68.199,3.533,2.376,1.499,74.358,79.114
27.216,65.225,32.307,68.199,3.584,2.382,1.518,75.174,80.272
27.553,64.654,32.082,68.199,3.696,2.394,1.55,74.792,78.896
27.86,65.225,32.307,68.682,3.729,2.452,1.521,74.419,79.509
27.86,65.772,32.692,69.444,3.541,2.429,1.518,73.761,78.996
28.202,65.225,32.692,68.682,3.864,2.429,1.53,73.909,78.996
28.202,65.772,32.905,67.479,3.712,2.427,1.548,74.56,79.095
28.202,65.772,32.905,67.479,3.729,2.47,1.549,74.419,78.996
27.553,65.225,32.692,68.199,3.518,2.448,1.548,73.761,78.486
26.565,65.898,30.964,66.448,3.772,2.427,1.471,74.792,78.896
27.216,65.225,32.905,68.682,3.577,2.392,1.519,73.98,79.743
26.896,64.654,32.692,68.199,3.536,2.419,1.529,73.98,79.647
28.202,66.975,32.525,67.479,3.575,2.377,1.499,74.505,79.838
27.216,64.026,33.294,68.682,3.435,2.399,1.549,73.98,80.803
27.553,65.225,33.294,68.682,3.536,2.419,1.549,74.129,79.743
27.897,68.199,32.905,68.199,3.653,2.394,1.498,73.98,78.69
26.896,64.654,32.692,68.199,3.395,2.391,1.529,73.98,79.114
27.86,65.225,31.931,67.479,3.616,2.373,1.52,74.358,80.181
27.216,65.772,32.525,66.975,3.473,2.374,1.518,74.358,80.272
27.216,65.225,33.294,69.905,3.395,2.373,1.499,73.828,79.548
26.896,67.166,32.307,69.444,3.645,2.437,1.452,73.301,79.011
27.216,66.448,32.905,69.905,3.395,2.417,1.471,73.828,79.647
26.241,63.435,32.307,68.199,3.618,2.399,1.501,74.358,80.716
27.553,67.694,32.905,69.905,3.363,2.419,1.471,73.98,79.114
26.896,65.225,33.294,68.199,3.265,2.435,1.528,73.301,79.647
27.897,66.448,32.905,67.479,3.536,2.434,1.548,73.98,79.114
27.86,65.225,32.307,68.682,3.433,2.409,1.501,73.301,79.647
27.86,66.975,32.525,68.682,3.433,2.417,1.471,74.358,79.743
27.897,67.694,32.905,68.682,3.342,2.417,1.501,73.828,79.114
27.897,67.694,32.905,68.682,3.355,2.374,1.499,73.828,79.114
27.216,65.225,32.525,67.479,3.628,2.416,1.519,74.505,80.181
27.216,64.026,32.307,66.975,3.481,2.454,1.529,73.828,79.743
28.551,68.199,32.905,68.682,3.353,2.391,1.519,73.98,78.69
27.553,66.448,32.307,68.199,3.533,2.357,1.499,74.505,79.647
28.202,68.199,32.152,67.479,3.909,2.339,1.471,75.833,79.838
27.553,66.448,31.931,66.975,3.433,2.391,1.519,74.792,79.413
27.216,66.448,32.525,68.682,3.577,2.37,1.49,74.932,78.996
27.86,65.772,32.905,68.682,3.729,2.413,1.501,74.275,79.509
27.553,67.694,31.931,68.199,3.864,2.473,1.47,73.909,78.996
26.887,65.225,32.152,67.479,3.66,2.472,1.471,75.069,79.413
27.897,67.694,30.964,65.225,3.573,2.387,1.518,75.311,77.978
29.836,68.199,29.396,64.026,3.955,2.464,1.519,76.228,76.584
29.197,67.694,28.78,63.435,4.143,2.445,1.539,76.228,76.967
27.216,64.058,29.124,64.654,3.518,2.509,1.501,75.564,77.242
27.525,65.772,32.152,67.479,3.826,2.447,1.49,75.069,79.095
27.86,65.225,32.692,69.905,3.686,2.387,1.519,73.909,78.996
27.216,65.225,32.905,68.682,3.577,2.429,1.538,74.197,79.603
28.202,66.975,33.294,69.905,3.643,2.465,1.519,73.051,78.589
26.565,64.654,32.692,69.444,3.688,2.429,1.538,73.551,79.509
27.86,65.772,33.887,70.346,3.395,2.445,1.519,73.051,79.603
27.86,64.026,33.294,69.146,3.577,2.413,1.569,73.909,80.022
26.896,65.323,32.082,69.444,3.989,2.469,1.501,74.208,79.448
27.525,64.026,32.692,69.905,3.712,2.418,1.52,74.275,80.362
27.525,62.85,33.085,69.905,3.729,2.453,1.53,73.909,79.838
26.887,64.026,32.905,68.682,3.775,2.393,1.501,74.419,80.362
28.496,65.772,33.085,71.147,3.641,2.393,1.501,73.761,79.413
28.202,66.448,31.701,68.199,3.694,2.435,1.481,74.275,79.315
29.836,67.479,32.905,67.964,3.391,2.436,1.529,74.932,78.794
29.836,66.975,32.082,68.682,3.65,2.481,1.53,74.932,78.275
28.843,65.772,32.471,69.444,3.65,2.5,1.49,73.761,78.794
27.553,63.435,33.896,71.147,3.92,2.419,1.501,73.25,79.647
26.887,61.074,34.315,72.408,3.628,2.509,1.521,72.582,80.716
26.565,61.074,35.362,72.408,3.588,2.426,1.551,72.582,81.17
25.907,61.607,34.315,71.996,3.565,2.481,1.521,71.565,80.628
27.553,61.074,34.743,71.147,3.585,2.48,1.563,72.235,80.181
28.202,64.592,33.486,69.444,3.351,2.482,1.521,73.402,79.931
29.56,66.448,31.088,65.772,3.693,2.436,1.521,75.311,78.275
29.197,65.772,32.692,67.479,3.684,2.418,1.52,75.311,78.896
28.551,64.026,32.471,66.975,3.399,2.419,1.572,74.792,79.315
29.56,66.975,32.082,66.975,3.358,2.393,1.54,74.932,78.381
28.551,65.225,32.082,66.975,3.391,2.463,1.541,74.932,79.315
28.61,66.448,32.869,67.694,3.554,2.463,1.551,73.095,79.315
29.197,65.772,33.486,69.905,3.76,2.464,1.54,74.275,78.794
28.843,65.772,32.082,68.199,3.683,2.393,1.49,74.275,79.315
29.197,66.975,33.085,69.905,3.597,2.376,1.511,73.909,79.413
29.197,66.975,33.69,70.346,3.45,2.419,1.491,73.909,79.315
28.551,66.448,32.082,68.199,3.641,2.419,1.511,74.275,79.315
28.551,66.448,33.486,71.147,3.409,2.418,1.491,73.095,79.216
28.551,65.225,33.896,71.147,3.273,2.436,1.541,72.582,79.216
28.551,65.772,34.509,71.147,3.539,2.437,1.54,72.395,79.838
26.565,63.435,33.69,72.897,3.84,2.418,1.492,71.061,81.336
27.216,62.85,34.114,72.897,3.538,2.384,1.522,71.565,81.946
27.86,65.225,33.275,73.301,3.696,2.418,1.484,71.565,80.889
26.565,63.435,34.743,74.624,3.796,2.463,1.492,71.4,80.889
26.565,62.241,34.743,73.301,3.843,2.418,1.521,71.732,80.803
26.565,64.654,33.896,73.301,3.542,2.419,1.481,71.732,80.889
26.565,62.85,35.362,73.301,3.674,2.401,1.54,71.4,82.02
27.553,64.654,32.645,71.565,3.714,2.377,1.494,71.565,80.889
26.887,64.026,34.931,74.982,3.674,2.419,1.483,70.907,82.02
27.553,65.225,33.896,71.996,3.697,2.463,1.492,71.732,80.889
26.896,63.435,33.275,70.253,3.742,2.463,1.522,71.732,81.416
26.565,62.241,34.931,72.408,3.441,2.419,1.54,71.896,81.416
26.896,64.026,34.743,72.897,3.627,2.375,1.54,71.4,80.972
27.553,65.225,33.896,71.996,3.672,2.393,1.492,71.732,80.362
27.553,64.026,35.181,74.624,3.608,2.438,1.522,70.416,80.972
27.86,62.85,34.931,72.801,3.745,2.42,1.542,72.058,81.495
27.553,64.026,34.315,71.996,3.539,2.375,1.54,71.896,80.972
28.202,64.592,34.931,72.408,3.539,2.376,1.54,72.553,80.451
27.553,63.435,33.056,71.565,3.538,2.462,1.524,71.565,80.803
26.896,63.435,33.69,71.565,3.261,2.444,1.521,71.732,81.416
27.216,63.435,32.869,70.71,3.477,2.395,1.494,72.235,80.889
28.202,65.225,33.486,71.147,3.583,2.5,1.511,72.235,79.838
28.202,64.592,34.509,71.147,3.583,2.437,1.54,72.395,80.362
28.202,65.772,33.486,70.71,3.741,2.438,1.491,72.235,80.451
27.216,64.026,33.486,70.71,3.787,2.499,1.51,72.235,80.272
27.553,64.026,33.486,69.444,3.626,2.435,1.521,72.072,80.716
26.896,63.435,32.869,68.962,3.602,2.437,1.542,71.395,81.336
29.197,64.592,34.931,71.565,3.394,2.435,1.573,71.896,80.362
27.897,65.225,33.486,69.444,3.436,2.435,1.521,72.235,80.272
28.551,65.772,34.095,69.905,3.436,2.436,1.521,72.235,80.362
28.909,66.975,34.509,71.147,3.353,2.42,1.56,72.235,79.838
27.86,64.592,35.112,72.801,3.602,2.438,1.51,72.395,80.362
27.897,64.654,33.275,70.71,3.539,2.446,1.522,72.741,80.362
27.216,62.85,32.242,68.459,3.261,2.464,1.542,72.582,81.416
29.197,65.136,34.509,69.905,3.449,2.436,1.572,72.897,80.022
29.836,66.801,35.112,71.565,3.147,2.417,1.539,73.202,80.112
29.56,67.479,32.692,66.975,3.229,2.435,1.54,74.419,78.996
29.836,67.479,31.931,66.297,3.572,2.435,1.511,75.446,78.996
29.932,68.199,33.085,68.682,3.564,2.411,1.541,73.551,78.381
30.838,69.146,34.875,71.175,3.409,2.435,1.53,73.843,79.095
28.909,66.448,32.082,66.975,3.651,2.453,1.54,74.792,77.645
27.86,64.592,32.307,66.975,3.101,2.437,1.49,74.275,80.362
29.836,67.479,33.294,69.146,3.351,2.436,1.53,73.909,79.509
29.476,66.801,34.287,70.346,3.49,2.454,1.529,73.551,79.603
26.878,61.699,32.307,68.682,3.291,2.453,1.483,73.761,81.336
29.124,65.136,33.887,69.59,3.433,2.41,1.531,74.197,80.112
27.86,64.592,33.294,68.682,3.419,2.472,1.53,73.402,79.931
27.553,65.225,32.692,68.199,3.832,2.455,1.51,73.25,79.931
27.897,65.225,32.692,66.975,3.696,2.445,1.559,73.402,78.794
28.551,66.975,33.294,68.682,3.653,2.429,1.549,73.402,78.996
27.897,66.448,33.294,68.682,3.989,2.428,1.53,73.402,78.794
28.202,65.225,33.085,69.905,3.807,2.474,1.511,73.25,78.794
28.496,65.772,32.307,68.682,3.895,2.428,1.502,73.761,79.413
28.78,63.997,33.69,70.346,3.065,2.41,1.53,73.402,80.538
27.86,64.592,33.887,69.146,3.304,2.469,1.53,73.051,80.451
28.78,65.659,34.077,69.59,3.347,2.472,1.499,73.551,80.538
28.156,65.136,33.495,69.146,3.473,2.429,1.519,73.909,80.022
27.525,64.592,33.495,69.146,3.475,2.444,1.539,73.551,80.022
28.156,65.136,33.495,69.146,3.755,2.444,1.52,73.051,80.623
28.496,65.136,34.287,70.346,3.686,2.444,1.549,73.051,79.603
28.156,63.997,34.077,68.429,3.818,2.429,1.549,74.197,80.623
27.525,64.592,33.495,69.146,3.618,2.47,1.52,73.551,80.538
27.525,63.435,33.294,68.682,3.922,2.387,1.549,73.402,80.538
28.78,65.136,33.495,69.59,3.473,2.394,1.502,74.129,80.362
27.86,64.592,33.887,69.146,3.304,2.376,1.53,73.457,80.716
27.86,64.592,34.077,68.429,3.344,2.376,1.53,74.129,80.716
27.525,64.026,33.69,71.565,3.536,2.358,1.521,73.457,80.716
27.86,64.592,34.472,69.59,3.437,2.376,1.51,73.61,80.716
28.202,66.975,33.887,70.346,3.108,2.418,1.499,73.61,79.647
28.202,65.225,33.085,69.905,3.807,2.436,1.53,73.61,79.216
27.525,64.592,33.887,70.346,3.731,2.411,1.501,73.402,80.451
27.86,65.772,33.495,69.146,3.731,2.409,1.52,74.055,80.022
27.86,65.772,33.495,69.146,3.714,2.386,1.52,73.551,79.931
28.202,66.448,32.692,69.905,3.643,2.464,1.502,72.897,78.381
27.86,65.772,32.905,68.682,3.729,2.473,1.501,73.402,80.022
28.202,65.772,33.294,68.682,3.533,2.451,1.531,73.909,79.413
28.496,65.772,32.692,69.905,3.391,2.472,1.52,73.25,79.413
27.86,65.772,32.307,68.199,3.573,2.455,1.499,73.61,79.931
27.86,65.772,31.931,66.975,3.471,2.472,1.48,74.129,79.315
28.843,66.297,32.905,67.479,3.727,2.43,1.529,73.761,79.413
27.86,66.975,32.905,69.905,3.533,2.426,1.471,73.402,79.413
28.843,65.772,33.294,69.146,3.543,2.402,1.53,73.551,78.896
27.86,65.225,31.931,67.479,3.473,2.386,1.502,73.909,79.931
28.156,65.772,32.525,69.146,3.481,2.446,1.473,73.909,79.413
28.496,65.772,31.562,66.297,3.656,2.49,1.5,74.792,78.896
27.86,65.225,30.964,65.772,3.666,2.446,1.481,74.65,78.794
28.551,66.448,30.964,64.592,3.781,2.428,1.53,75.174,78.275
29.197,68.199,31.931,67.479,3.399,2.41,1.5,75.311,77.869
29.836,68.682,31.562,66.297,3.74,2.429,1.5,75.311,77.869
28.843,66.975,30.964,65.772,3.481,2.429,1.482,75.174,78.275
29.836,67.479,31.931,66.297,3.737,2.428,1.529,75.311,77.978
29.836,67.479,31.931,66.297,3.438,2.427,1.529,75.311,77.869
30.203,69.905,31.931,67.479,3.501,2.455,1.499,75.311,77.358
29.197,66.975,31.329,65.772,3.581,2.41,1.529,75.174,78.381
29.836,66.975,31.701,67.479,3.54,2.412,1.511,75.311,77.869
28.843,66.975,31.562,66.297,3.346,2.434,1.5,75.7,78.896
29.197,67.479,31.931,65.772,3.581,2.428,1.528,75.174,77.869
29.476,67.479,31.562,66.297,3.478,2.472,1.481,75.174,78.381
29.836,67.479,32.905,67.964,3.399,2.428,1.529,74.932,77.978
29.197,66.975,31.931,66.297,3.582,2.428,1.529,75.311,77.869
29.836,68.682,31.562,66.297,3.737,2.41,1.5,75.833,77.978
29.56,67.694,31.329,66.297,3.694,2.41,1.53,75.311,77.869
29.836,66.975,32.307,67.964,3.271,2.453,1.53,75.311,77.758
28.909,68.962,30.964,65.772,3.698,2.41,1.5,75.7,77.242
29.836,68.682,31.931,67.479,3.693,2.367,1.5,75.311,77.869
30.579,69.905,32.525,66.801,3.23,2.41,1.51,75.446,77.358
30.101,67.964,32.152,66.801,3.481,2.425,1.481,75.446,78.486
29.56,68.199,31.329,65.772,3.543,2.427,1.53,74.65,77.758
27.553,65.225,32.307,66.975,3.441,2.428,1.509,74.129,78.69
25.313,61.607,30.256,65.772,3.826,2.49,1.465,74.505,80.628
25.615,63.435,30.847,65.772,4.126,2.428,1.481,75.174,80.181
26.565,64.026,31.562,66.975,3.859,2.473,1.472,74.505,79.743
27.525,65.772,32.152,67.479,3.816,2.473,1.471,74.65,79.315
27.525,64.592,31.931,66.975,3.656,2.446,1.479,74.129,79.315
28.843,65.772,33.294,69.146,3.393,2.446,1.529,73.761,78.275
27.86,65.225,32.307,68.682,3.575,2.41,1.501,74.129,79.216
27.525,64.026,32.905,69.146,3.475,2.429,1.501,74.275,79.315
28.843,67.479,33.111,67.964,3.584,2.404,1.48,73.761,78.896
28.843,65.772,33.294,69.146,3.686,2.402,1.53,73.25,78.896
29.836,67.479,33.495,68.429,3.393,2.403,1.511,73.909,78.381
29.836,68.682,32.525,67.964,3.541,2.446,1.5,74.275,77.869
28.843,66.975,33.495,69.59,3.395,2.403,1.501,73.909,78.275
29.124,66.297,33.887,70.769,3.393,2.446,1.5,73.909,78.381
28.496,64.592,33.294,69.146,3.433,2.464,1.53,73.25,78.794
28.202,66.448,33.294,70.346,3.494,2.429,1.501,73.761,78.275
27.86,65.772,32.905,68.682,3.302,2.491,1.461,73.61,78.794
27.525,65.772,33.495,70.346,3.577,2.455,1.454,73.761,79.838
28.156,66.297,33.495,70.346,3.441,2.429,1.472,73.61,79.315
28.843,67.479,33.495,69.146,3.533,2.447,1.481,73.761,78.381
28.496,65.772,33.495,69.59,3.435,2.429,1.501,73.761,79.315
28.156,64.592,33.495,69.59,3.475,2.428,1.501,73.761,79.931
